person_id,full_name,gender,photo_path,tg_nick,person_position,github_nick,email
0,Piper Dingledine,female,./female/image1.jpeg,@Pine,Middle Researcher,@piper_dingledine,piper_dingledine@nvidia.com
1,Dennis Cardenas,male,./male/image13.jpeg,@Deas,Junior Developper,@dennis_cardenas,dennis_cardenas@nvidia.com
2,William Mooney,male,./male/image19.jpeg,@Wiey,Junior Researcher,@william_mooney,william_mooney@nvidia.com
3,Ashley Rifkin,female,./female/image14.jpeg,@Asin,Middle Researcher,@ashley_rifkin,ashley_rifkin@nvidia.com
4,Lisa Yruegas,female,./female/image15.jpeg,@Lias,Senior Developper,@lisa_yruegas,lisa_yruegas@nvidia.com
5,Ellen Smith,female,./female/image16.jpeg,@Elth,Middle Researcher,@ellen_smith,ellen_smith@nvidia.com
6,Dotty Deason,female,./female/image17.jpeg,@Doon,Senior Researcher,@dotty_deason,dotty_deason@nvidia.com
7,Nickolas McCarney,male,./male/image15.jpeg,@Niey,Junior Developper,@nickolas_mccarney,nickolas_mccarney@nvidia.com
8,Dennis Gist,male,./male/image16.jpeg,@Dest,Middle Developper,@dennis_gist,dennis_gist@nvidia.com
9,Juanita Delabarre,female,./female/image2.jpeg,@Jure,Junior Researcher,@juanita_delabarre,juanita_delabarre@nvidia.com
10,Nancy Villanueva,female,./female/image30.jpeg,@Nava,Junior Developper,@nancy_villanueva,nancy_villanueva@nvidia.com
11,Samuel Iaccarino,male,./male/image14.jpeg,@Sano,Middle Developper,@samuel_iaccarino,samuel_iaccarino@nvidia.com
12,Julie Lams,female,./female/image20.jpeg,@Jums,Senior Developper,@julie_lams,julie_lams@nvidia.com
13,Bernice Schuck,female,./female/image25.jpeg,@Beck,Middle Developper,@bernice_schuck,bernice_schuck@nvidia.com
14,Tanner Harrington,male,./male/image17.jpeg,@Taon,Senior Researcher,@tanner_harrington,tanner_harrington@nvidia.com
15,Norman Ruiz,male,./male/image12.jpeg,@Noiz,Junior Researcher,@norman_ruiz,norman_ruiz@nvidia.com
16,Phyllis Harris,female,./female/image24.jpeg,@Phis,Middle Researcher,@phyllis_harris,phyllis_harris@nvidia.com
17,Kyle Nava,female,./female/image27.jpeg,@Kyva,Junior Researcher,@kyle_nava,kyle_nava@nvidia.com
18,Jimmie Shah,male,./male/image30.jpeg,@Jiah,Senior Researcher,@jimmie_shah,jimmie_shah@nvidia.com
19,Jeffrey Gutierrez,male,./male/image45.jpeg,@Jeez,Middle Developper,@jeffrey_gutierrez,jeffrey_gutierrez@nvidia.com
20,Kyle Espinoza,female,./female/image28.jpeg,@Kyza,Middle Developper,@kyle_espinoza,kyle_espinoza@nvidia.com
21,Richard Rivera,male,./male/image34.jpeg,@Rira,Junior Researcher,@richard_rivera,richard_rivera@nvidia.com
22,Dorothy McWilliams,female,./female/image26.jpeg,@Doms,Senior Developper,@dorothy_mcwilliams,dorothy_mcwilliams@nvidia.com
23,Arthur Klopp,male,./male/image7.jpeg,@Arpp,Middle Developper,@arthur_klopp,arthur_klopp@nvidia.com
24,Eugene Tucker,male,./male/image6.jpeg,@Euer,Senior Researcher,@eugene_tucker,eugene_tucker@nvidia.com
25,Terri Kestler,female,./female/image12.jpeg,@Teer,Senior Researcher,@terri_kestler,terri_kestler@nvidia.com
26,Robert Flynn,male,./male/image54.jpeg,@Ronn,Senior Researcher,@robert_flynn,robert_flynn@nvidia.com
27,Karen Puckett,female,./female/image10.jpeg,@Katt,Senior Developper,@karen_puckett,karen_puckett@nvidia.com
28,Nathanial Desantis,male,./male/image53.jpeg,@Nais,Junior Developper,@nathanial_desantis,nathanial_desantis@nvidia.com
29,Jennifer Taylor,female,./female/image19.jpeg,@Jeor,Middle Developper,@jennifer_taylor,jennifer_taylor@nvidia.com
30,Charles Chavarria,male,./male/image32.jpeg,@Chia,Senior Researcher,@charles_chavarria,charles_chavarria@nvidia.com
31,David Teller,male,./male/image10.jpeg,@Daer,Junior Researcher,@david_teller,david_teller@nvidia.com
32,Jennifer Deangelis,female,./female/image34.jpeg,@Jeis,Middle Developper,@jennifer_deangelis,jennifer_deangelis@nvidia.com
33,Virginia Dollar,female,./female/image35.jpeg,@Viar,Senior Developper,@virginia_dollar,virginia_dollar@nvidia.com
34,Rickie Kerr,male,./male/image24.jpeg,@Rirr,Senior Developper,@rickie_kerr,rickie_kerr@nvidia.com
35,Dwight Quinn,male,./male/image1.jpeg,@Dwnn,Junior Developper,@dwight_quinn,dwight_quinn@nvidia.com
36,Evelyn Massey,female,./female/image41.jpeg,@Evey,Middle Researcher,@evelyn_massey,evelyn_massey@nvidia.com
37,John Dworaczyk,male,./male/image3.jpeg,@Joyk,Middle Researcher,@john_dworaczyk,john_dworaczyk@nvidia.com
38,Pamela Nelson,female,./female/image38.jpeg,@Paon,Junior Developper,@pamela_nelson,pamela_nelson@nvidia.com
39,Troy Payne,male,./male/image20.jpeg,@Trne,Junior Developper,@troy_payne,troy_payne@nvidia.com
40,Marvin Kelly,male,./male/image29.jpeg,@Maly,Middle Researcher,@marvin_kelly,marvin_kelly@nvidia.com
41,Ruben Thorne,male,./male/image28.jpeg,@Rune,Junior Developper,@ruben_thorne,ruben_thorne@nvidia.com
42,William Lingner,male,./male/image27.jpeg,@Wier,Junior Developper,@william_lingner,william_lingner@nvidia.com
43,Lucien Ewing,male,./male/image26.jpeg,@Lung,Middle Developper,@lucien_ewing,lucien_ewing@nvidia.com
44,Shanna Streeter,female,./female/image40.jpeg,@Sher,Middle Developper,@shanna_streeter,shanna_streeter@nvidia.com
45,Teresa Bush,female,./female/image42.jpeg,@Tesh,Middle Researcher,@teresa_bush,teresa_bush@nvidia.com
46,Elisabeth Aslesen,female,./female/image43.jpeg,@Elen,Middle Developper,@elisabeth_aslesen,elisabeth_aslesen@nvidia.com
47,Cheryl Henry,female,./female/image44.jpeg,@Chry,Junior Researcher,@cheryl_henry,cheryl_henry@nvidia.com
48,Wendell Reagan,male,./male/image38.jpeg,@Wean,Senior Developper,@wendell_reagan,wendell_reagan@nvidia.com
49,George Niese,male,./male/image51.jpeg,@Gese,Middle Researcher,@george_niese,george_niese@nvidia.com
50,Colleen Banach,female,./female/image47.jpeg,@Coch,Middle Developper,@colleen_banach,colleen_banach@nvidia.com
51,Dorothy Ortega,female,./female/image48.jpeg,@Doga,Junior Researcher,@dorothy_ortega,dorothy_ortega@nvidia.com
52,Steven Syvertsen,male,./male/image23.jpeg,@Sten,Middle Developper,@steven_syvertsen,steven_syvertsen@nvidia.com
53,Kellee Lillie,male,./male/image22.jpeg,@Keie,Junior Researcher,@kellee_lillie,kellee_lillie@nvidia.com
54,Jennifer Oldridge,female,./female/image5.jpeg,@Jege,Junior Researcher,@jennifer_oldridge,jennifer_oldridge@nvidia.com
55,Nicholas Jones,male,./male/image21.jpeg,@Nies,Middle Researcher,@nicholas_jones,nicholas_jones@nvidia.com
56,Erin Ambriz,female,./female/image50.jpeg,@Eriz,Middle Developper,@erin_ambriz,erin_ambriz@nvidia.com
57,Billie Adams,female,./female/image31.jpeg,@Bims,Junior Researcher,@billie_adams,billie_adams@nvidia.com
58,Raul Galloway,male,./male/image31.jpeg,@Raay,Middle Researcher,@raul_galloway,raul_galloway@nvidia.com
59,Justin Jackson,male,./male/image2.jpeg,@Juon,Senior Developper,@justin_jackson,justin_jackson@nvidia.com
60,Herman Foley,male,./male/image18.jpeg,@Heey,Middle Developper,@herman_foley,herman_foley@nvidia.com
61,Jennie Jutz,female,./female/image3.jpeg,@Jetz,Middle Developper,@jennie_jutz,jennie_jutz@nvidia.com
62,Robert Wagner,male,./male/image52.jpeg,@Roer,Middle Researcher,@robert_wagner,robert_wagner@nvidia.com
63,Stephen Farnum,male,./male/image11.jpeg,@Stum,Middle Developper,@stephen_farnum,stephen_farnum@nvidia.com
64,Charlene Faulk,female,./female/image11.jpeg,@Chlk,Junior Developper,@charlene_faulk,charlene_faulk@nvidia.com
65,Naomi Wilhelm,female,./female/image33.jpeg,@Nalm,Junior Developper,@naomi_wilhelm,naomi_wilhelm@nvidia.com
66,Bruce Davis,male,./male/image36.jpeg,@Bris,Junior Researcher,@bruce_davis,bruce_davis@nvidia.com
67,Bryce Hall,male,./male/image37.jpeg,@Brll,Junior Developper,@bryce_hall,bryce_hall@nvidia.com
68,Barbara Zheng,female,./female/image32.jpeg,@Bang,Senior Researcher,@barbara_zheng,barbara_zheng@nvidia.com
69,Brent Lisowski,male,./male/image40.jpeg,@Brki,Senior Developper,@brent_lisowski,brent_lisowski@nvidia.com
70,Virginia Loza,female,./female/image49.jpeg,@Viza,Senior Researcher,@virginia_loza,virginia_loza@nvidia.com
71,Jesse Wilkerson,male,./male/image43.jpeg,@Jeon,Junior Researcher,@jesse_wilkerson,jesse_wilkerson@nvidia.com
72,Anne Greenberg,female,./female/image46.jpeg,@Anrg,Senior Researcher,@anne_greenberg,anne_greenberg@nvidia.com
73,Loretta Roberts,female,./female/image45.jpeg,@Lots,Middle Researcher,@loretta_roberts,loretta_roberts@nvidia.com
74,Gayle Jack,female,./female/image4.jpeg,@Gack,Senior Developper,@gayle_jack,gayle_jack@nvidia.com
75,Sandra Mondragon,female,./female/image39.jpeg,@Saon,Junior Researcher,@sandra_mondragon,sandra_mondragon@nvidia.com
76,Mathew Sims,male,./male/image5.jpeg,@Mams,Junior Developper,@mathew_sims,mathew_sims@nvidia.com
77,Brent Straughn,male,./male/image42.jpeg,@Brhn,Senior Researcher,@brent_straughn,brent_straughn@nvidia.com
78,Charles Campbell,male,./male/image49.jpeg,@Chll,Middle Developper,@charles_campbell,charles_campbell@nvidia.com
79,Latoya Anderson,male,./male/image48.jpeg,@Laon,Middle Researcher,@latoya_anderson,latoya_anderson@nvidia.com
80,Margret Shields,female,./female/image37.jpeg,@Mads,Junior Developper,@margret_shields,margret_shields@nvidia.com
81,Regina Vasquez,female,./female/image36.jpeg,@Reez,Senior Developper,@regina_vasquez,regina_vasquez@nvidia.com
82,Ernest Fox,male,./male/image50.jpeg,@Erox,Junior Developper,@ernest_fox,ernest_fox@nvidia.com
83,Jeffrey Draper,male,./male/image4.jpeg,@Jeer,Senior Developper,@jeffrey_draper,jeffrey_draper@nvidia.com
84,Michael Taylor,male,./male/image33.jpeg,@Mior,Middle Researcher,@michael_taylor,michael_taylor@nvidia.com
85,Eileen Brehm,female,./female/image21.jpeg,@Eihm,Middle Researcher,@eileen_brehm,eileen_brehm@nvidia.com
86,Richard Causer,male,./male/image39.jpeg,@Rier,Senior Developper,@richard_causer,richard_causer@nvidia.com
87,Christopher Rathbone,male,./male/image41.jpeg,@Chne,Junior Researcher,@christopher_rathbone,christopher_rathbone@nvidia.com
88,James Vanderpool,male,./male/image46.jpeg,@Jaol,Senior Researcher,@james_vanderpool,james_vanderpool@nvidia.com
89,Collen Williams,male,./male/image8.jpeg,@Coms,Junior Researcher,@collen_williams,collen_williams@nvidia.com
90,Cristopher Crum,male,./male/image47.jpeg,@Crum,Senior Researcher,@cristopher_crum,cristopher_crum@nvidia.com
91,Laura Halliburton,female,./female/image23.jpeg,@Laon,Senior Researcher,@laura_halliburton,laura_halliburton@nvidia.com
92,Mary Viall,female,./female/image22.jpeg,@Mall,Middle Developper,@mary_viall,mary_viall@nvidia.com
93,Rebecca Franklin,female,./female/image29.jpeg,@Rein,Junior Researcher,@rebecca_franklin,rebecca_franklin@nvidia.com
94,Arlene Roehm,female,./female/image18.jpeg,@Arhm,Middle Developper,@arlene_roehm,arlene_roehm@nvidia.com
95,Jan Knock,male,./male/image44.jpeg,@Jack,Junior Researcher,@jan_knock,jan_knock@nvidia.com
96,Sandra Bellomo,female,./female/image13.jpeg,@Samo,Senior Researcher,@sandra_bellomo,sandra_bellomo@nvidia.com
97,David Gieck,male,./male/image35.jpeg,@Dack,Senior Developper,@david_gieck,david_gieck@nvidia.com
98,Bob Toman,male,./male/image25.jpeg,@Boan,Junior Developper,@bob_toman,bob_toman@nvidia.com
99,John Loftis,male,./male/image9.jpeg,@Jois,Middle Researcher,@john_loftis,john_loftis@nvidia.com
